{"cameraMode":{"drawMode":0,"name":"Shaded","section":"Shading Mode"},"sceneLighting":true,"audioPlay":false,"sceneViewState":{"showFog":true,"showMaterialUpdate":false,"showSkybox":true,"showFlares":true,"showImageEffects":true,"showParticleSystems":true},"in2DMode":false,"pivot":{"x":-159.6456756591797,"y":-84.15199279785156,"z":-49.18206024169922},"rotation":{"x":0.11568431556224823,"y":-0.8424505591392517,"z":0.20027559995651246,"w":0.4866110682487488},"size":381.8504333496094,"orthographic":false}